Date,Player,Guesses
2026-04-23,Bess,3
2026-04-23,Chris,4
2026-04-23,Trace,2
2026-04-23,Caiden,4
2026-04-23,Noah,3
2026-04-24,Bess,3
2026-04-24,Caiden,5
2026-04-24,Noah,4
2026-04-25,Bess,3
2026-04-25,Trace,4
2026-04-25,Noah,6
2026-04-26,Bess,6
2026-04-26,Chris,4
2026-04-26,Caiden,7
2026-04-26,Noah,4
2026-04-26,Andrew,6
2026-04-26,Stone,3
2026-04-26,Kaleb,6
2026-04-27,Bess,5
2026-04-27,Chris,7
2026-04-27,Trace,5
2026-04-27,Caiden,7
2026-04-27,Noah,3
2026-04-27,Andrew,4
2026-04-27,Kaleb,7
2026-04-28,Bess,4
2026-04-28,Chris,4
2026-04-28,Trace,3
2026-04-28,Caiden,7
2026-04-28,Noah,4
2026-04-28,Kaleb,5
2026-04-28,Dallin,3
2026-04-29,Bess,3
2026-04-29,Chris,5
2026-04-29,Trace,4
2026-04-29,Caiden,7
2026-04-29,Kaleb,5
2026-04-29,Dallin,5
2026-04-30,Bess,4
2026-04-30,Chris,6
2026-04-30,Trace,4
2026-04-30,Caiden,6
2026-04-30,Noah,5
2026-05-01,Bess,3
2026-05-01,Chris,4
2026-05-01,Caiden,3
2026-05-01,Noah,4
2026-05-02,Bess,5
2026-05-02,Chris,4
2026-05-02,Noah,4
2026-05-02,Andrew,5
2026-05-02,Kaleb,5
2026-05-02,Dallin,4
2026-05-02,Clayton,3
2026-05-03,Bess,5
2026-05-03,Chris,3
2026-05-03,Trace,5
2026-05-03,Caiden,5
2026-05-03,Noah,4
2026-05-03,Andrew,5
2026-05-03,Kaleb,5
2026-05-03,Dallin,6
2026-05-03,Clayton,3
2026-05-04,Bess,5
2026-05-04,Chris,6
2026-05-04,Trace,4
2026-05-04,Caiden,5
2026-05-04,Noah,2
2026-05-04,Andrew,4
2026-05-04,Kaleb,5
2026-05-04,Dallin,5
2026-05-04,Clayton,5
2026-05-05,Bess,5
2026-05-05,Chris,5
2026-05-05,Trace,2
2026-05-05,Caiden,7
2026-05-05,Noah,4
2026-05-05,Kaleb,3
2026-05-05,Dallin,7
2026-05-05,Clayton,3
2026-05-06,Bess,4
2026-05-06,Chris,7
2026-05-06,Caiden,7
2026-05-06,Noah,6
2026-05-06,Andrew,4
2026-05-06,Kaleb,3
2026-05-06,Dallin,6
2026-05-07,Bess,3
2026-05-07,Chris,5
2026-05-07,Trace,4
2026-05-07,Caiden,7
2026-05-07,Noah,3
2026-05-07,Kaleb,4
2026-05-07,Dallin,7
2026-05-07,Clayton,5
2026-05-08,Bess,4
2026-05-08,Chris,6
2026-05-08,Trace,5
2026-05-08,Noah,4
2026-05-08,Andrew,6
2026-05-08,Kaleb,5
2026-05-08,Dallin,5
2026-05-09,Bess,3
2026-05-09,Chris,2
2026-05-09,Caiden,3
2026-05-09,Noah,2
2026-05-09,Andrew,3
2026-05-09,Kaleb,4
2026-05-09,Dallin,6
2026-05-10,Bess,5
2026-05-10,Chris,3
2026-05-10,Trace,4
2026-05-10,Caiden,5
2026-05-10,Noah,5
2026-05-10,Andrew,5
2026-05-10,Kaleb,4
2026-05-10,Dallin,4
2026-05-11,Chris,5
2026-05-11,Caiden,7
2026-05-11,Noah,3
2026-05-11,Andrew,6
2026-05-11,Kaleb,4
2026-05-11,Dallin,6
2026-05-12,Bess,5
2026-05-12,Chris,5
2026-05-12,Noah,6
2026-05-12,Andrew,7
2026-05-12,Kaleb,5
2026-05-12,Dallin,5
2026-05-12,Clayton,4
2026-05-13,Bess,3
2026-05-13,Chris,7
2026-05-13,Trace,5
2026-05-13,Caiden,7
2026-05-13,Noah,5
2026-05-13,Andrew,6
2026-05-13,Kaleb,6
2026-05-13,Clayton,4
2026-05-14,Bess,7
2026-05-14,Chris,7
2026-05-14,Caiden,7
2026-05-14,Noah,7
2026-05-14,Andrew,5
2026-05-14,Kaleb,6
2026-05-14,Dallin,7
2026-05-14,Clayton,7
2026-05-15,Bess,5
2026-05-15,Trace,4
2026-05-15,Caiden,4
2026-05-15,Noah,4
2026-05-15,Andrew,3
2026-05-15,Kaleb,5
2026-05-15,Dallin,5
2026-05-16,Bess,4
2026-05-16,Chris,6
2026-05-16,Trace,4
2026-05-16,Noah,7
2026-05-16,Andrew,6
2026-05-16,Kaleb,5
2026-05-16,Dallin,6
2026-05-16,Clayton,4
2026-05-17,Bess,4
2026-05-17,Chris,4
2026-05-17,Trace,4
2026-05-17,Caiden,7
2026-05-17,Noah,5
2026-05-17,Andrew,5
2026-05-17,Stone,1
2026-05-17,Kaleb,4
2026-05-17,Dallin,6
2026-05-18,Bess,4
2026-05-18,Chris,4
2026-05-18,Trace,4
2026-05-18,Caiden,3
2026-05-18,Noah,3
2026-05-18,Andrew,3
2026-05-18,Stone,5
2026-05-18,Kaleb,3
2026-05-18,Dallin,6
2026-05-18,Clayton,3
2026-05-19,Bess,4
2026-05-19,Chris,4
2026-05-19,Trace,4
2026-05-19,Caiden,5
2026-05-19,Noah,3
2026-05-19,Andrew,4
2026-05-19,Stone,4
2026-05-19,Kaleb,3
2026-05-19,Dallin,4
2026-05-20,Bess,4
2026-05-20,Chris,4
2026-05-20,Trace,2
2026-05-20,Caiden,4
2026-05-20,Noah,2
2026-05-20,Andrew,4
2026-05-20,Stone,4
2026-05-20,Kaleb,3
2026-05-20,Dallin,2
2026-05-20,Clayton,3
2026-05-21,Chris,5
2026-05-21,Trace,3
2026-05-21,Noah,2
2026-05-21,Andrew,3
2026-05-21,Stone,4
2026-05-21,Kaleb,6
2026-05-21,Dallin,6
2026-05-21,Clayton,2
2026-05-22,Bess,4
2026-05-22,Chris,4
2026-05-22,Caiden,7
2026-05-22,Noah,5
2026-05-22,Andrew,5
2026-05-22,Stone,4
2026-05-22,Kaleb,6
2026-05-22,Dallin,7
2026-05-23,Bess,4
2026-05-23,Chris,5
2026-05-23,Trace,5
2026-05-23,Noah,4
2026-05-23,Stone,4
2026-05-23,Kaleb,4
2026-05-23,Dallin,3
2026-05-23,Clayton,3
2026-05-24,Bess,4
2026-05-24,Chris,5
2026-05-24,Trace,3
2026-05-24,Caiden,4
2026-05-24,Noah,6
2026-05-24,Stone,4
2026-05-24,Kaleb,3
2026-05-24,Dallin,3
2026-05-25,Bess,4
2026-05-25,Chris,4
2026-05-25,Noah,4
2026-05-25,Kaleb,5
2026-05-25,Dallin,6
2026-05-25,Clayton,4
2026-05-26,Bess,5
2026-05-26,Chris,4
2026-05-26,Noah,3
2026-05-26,Andrew,3
2026-05-26,Dallin,4
2026-05-27,Bess,5
2026-05-27,Chris,5
2026-05-27,Trace,4
2026-05-27,Noah,4
2026-05-27,Stone,5
2026-05-27,Kaleb,4
2026-05-27,Dallin,6
2026-05-28,Bess,6
2026-05-28,Chris,4
2026-05-28,Trace,3
2026-05-28,Noah,5
2026-05-28,Kaleb,5
2026-05-28,Dallin,6
2026-05-29,Bess,3
2026-05-29,Chris,4
2026-05-29,Trace,4
2026-05-29,Caiden,3
2026-05-29,Noah,5
2026-05-29,Stone,6
2026-05-29,Dallin,6
2026-05-30,Bess,5
2026-05-30,Chris,5
2026-05-30,Caiden,3
2026-05-30,Noah,3
2026-05-30,Kaleb,1
2026-05-30,Dallin,2
2026-05-31,Bess,4
2026-05-31,Chris,4
2026-05-31,Trace,4
2026-05-31,Noah,5
2026-05-31,Stone,5
2026-05-31,Kaleb,6
2026-05-31,Dallin,5
2026-06-01,Bess,5
2026-06-01,Chris,6
2026-06-01,Trace,3
2026-06-01,Caiden,7
2026-06-01,Noah,3
2026-06-01,Andrew,6
2026-06-01,Kaleb,6
2026-06-01,Dallin,7
2026-06-02,Bess,6
2026-06-02,Chris,5
2026-06-02,Noah,5
2026-06-02,Dallin,6
2026-06-03,Bess,4
2026-06-03,Chris,3
2026-06-03,Noah,4
2026-06-03,Kaleb,4
2026-06-03,Dallin,5
2026-06-04,Bess,4
2026-06-04,Chris,4
2026-06-04,Noah,3
2026-06-04,Kaleb,5
2026-06-04,Dallin,7
2026-06-05,Noah,3
2026-06-06,Bess,5
2026-06-06,Chris,4
2026-06-06,Noah,4
2026-06-06,Kaleb,4
2026-06-06,Dallin,5
2026-06-07,Bess,4
2026-06-07,Chris,2
2026-06-07,Trace,3
2026-06-07,Caiden,7
2026-06-07,Noah,3
2026-06-07,Andrew,4
2026-06-07,Stone,4
2026-06-07,Kaleb,3
2026-06-07,Dallin,4
2026-06-07,Clayton,3
2026-06-08,Bess,5
2026-06-08,Chris,3
2026-06-08,Trace,3
2026-06-08,Noah,4
2026-06-08,Kaleb,4
2026-06-08,Dallin,5
2026-06-09,Bess,4
2026-06-09,Chris,4
2026-06-09,Trace,5
2026-06-09,Noah,3
2026-06-10,Bess,4
2026-06-10,Chris,4
2026-06-10,Trace,3
2026-06-10,Noah,3
2026-06-10,Stone,4
2026-06-10,Kaleb,5
2026-06-10,Dallin,4
2026-06-11,Bess,4
2026-06-11,Chris,5
2026-06-11,Trace,3
2026-06-11,Noah,7
2026-06-11,Kaleb,4
2026-06-11,Dallin,5
2026-06-12,Bess,4
2026-06-12,Chris,4
2026-06-12,Trace,5
2026-06-12,Noah,5
2026-06-12,Stone,6
2026-06-12,Dallin,4
2026-06-13,Chris,5
2026-06-13,Trace,5
2026-06-13,Noah,5
2026-06-13,Stone,3
2026-06-13,Kaleb,5
2026-06-13,Dallin,5
2026-06-13,Clayton,4
2026-06-14,Bess,4
2026-06-14,Chris,3
2026-06-14,Trace,4
2026-06-14,Noah,2
2026-06-14,Kaleb,5
2026-06-15,Bess,3
2026-06-15,Chris,4
2026-06-15,Trace,4
2026-06-15,Noah,3
2026-06-15,Dallin,4
2026-06-16,Bess,6
2026-06-16,Chris,5
2026-06-16,Noah,5
2026-06-16,Kaleb,5
2026-06-16,Dallin,4
2026-06-17,Bess,3
2026-06-17,Noah,4
2026-06-17,Kaleb,4
2026-06-17,Dallin,3
2026-06-18,Bess,4
2026-06-18,Noah,4
2026-06-18,Kaleb,4
2026-06-19,Bess,4
2026-06-19,Noah,4
2026-06-19,Stone,4
2026-06-19,Dallin,6
2026-06-20,Bess,3
2026-06-20,Chris,4
2026-06-20,Trace,2
2026-06-20,Caiden,3
2026-06-20,Noah,4
2026-06-20,Kaleb,2
2026-06-21,Bess,5
2026-06-21,Chris,4
2026-06-21,Trace,5
2026-06-21,Noah,6
2026-06-21,Kaleb,4
2026-06-22,Chris,5
2026-06-22,Noah,4
2026-06-22,Kaleb,4
2026-06-22,Dallin,6
2026-06-23,Bess,6
2026-06-23,Noah,5
2026-06-23,Stone,4
2026-06-23,Kaleb,6
2026-06-24,Bess,7
2026-06-24,Chris,5
2026-06-24,Noah,6
2026-06-24,Stone,3
2026-06-24,Kaleb,5
2026-06-24,Dallin,6
2026-06-25,Bess,4
2026-06-25,Chris,5
2026-06-25,Trace,4
2026-06-25,Noah,4
2026-06-25,Stone,5
2026-06-25,Kaleb,6
2026-06-25,Dallin,4
2026-06-26,Bess,4
2026-06-26,Chris,4
2026-06-26,Trace,3
2026-06-26,Noah,3
2026-06-26,Kaleb,4
2026-06-26,Dallin,5
2026-06-27,Bess,5
2026-06-27,Trace,6
2026-06-27,Noah,4
2026-06-27,Stone,5
2026-06-27,Kaleb,4
2026-06-28,Bess,6
2026-06-28,Trace,6
2026-06-28,Caiden,5
2026-06-28,Noah,6
2026-06-28,Kaleb,4
2026-06-28,Dallin,6
2026-06-28,Clayton,3
2026-06-29,Bess,2
2026-06-29,Chris,5
2026-06-29,Trace,3
2026-06-29,Caiden,5
2026-06-29,Noah,3
2026-06-29,Stone,4
2026-06-30,Bess,7
2026-06-30,Chris,7
2026-06-30,Caiden,7
2026-06-30,Noah,6
2026-06-30,Kaleb,4
2026-07-01,Bess,3
2026-07-01,Chris,4
2026-07-01,Caiden,5
2026-07-01,Noah,5
2026-07-01,Kaleb,5
2026-07-01,Dallin,3
2026-07-02,Bess,5
2026-07-02,Chris,5
2026-07-02,Noah,4
2026-07-02,Kaleb,6
2026-07-02,Dallin,6
2026-07-03,Bess,5
2026-07-03,Noah,4
2026-07-04,Dallin,6
2026-07-05,Bess,5
2026-07-05,Noah,4
2026-07-05,Stone,3
2026-07-06,Bess,5
2026-07-06,Noah,7
2026-07-06,Dallin,5
2026-07-07,Noah,3
2026-07-07,Kaleb,4
2026-07-07,Bess,5
2026-07-08,Kaleb,4
2026-07-08,Noah,4
2026-07-08,Bess,4
2026-07-09,Noah,3
2026-07-09,Bess,4
2026-07-10,Noah,3
2026-07-10,Kaleb,5
2026-07-10,Bess,5
2026-07-10,Dallin,7
2026-07-10,Trace,4
2026-07-10,Chris,4
2026-07-11,Noah,4
2026-07-11,Kaleb,4
2026-07-11,Bess,3
2026-07-12,Noah,5
2026-07-12,Bess,5
2026-07-12,Chris,5
2026-07-12,Dallin,4
2026-07-12,Stone,4
2026-07-12,Kaleb,6
2026-07-13,Noah,5
2026-07-13,Bess,4
2026-07-13,Dallin,7
2026-07-13,Chris,3
2026-07-13,Kaleb,7
